country_code,country,region,metric_type,metric_key,metric_label,value,level,source
AUS,Australia,Asia-Pacífico,practice,resumir,Resumir o aprender un tema,70.6,ISCED 2,"OECD, TALIS 2024 Results, Table 1.60"
AUS,Australia,Asia-Pacífico,practice,planes,Generar planes o actividades,71.2,ISCED 2,"OECD, TALIS 2024 Results, Table 1.60"
AUS,Australia,Asia-Pacífico,practice,adaptar,Adaptar materiales por necesidad,45.6,ISCED 2,"OECD, TALIS 2024 Results, Table 1.60"
AUS,Australia,Asia-Pacífico,practice,necesidades,Apoyar necesidades específicas,28.7,ISCED 2,"OECD, TALIS 2024 Results, Table 1.60"
AUS,Australia,Asia-Pacífico,practice,evaluar,Evaluar o calificar trabajos,15.3,ISCED 2,"OECD, TALIS 2024 Results, Table 1.60"
AUS,Australia,Asia-Pacífico,practice,feedback,Redactar feedback o comunicaciones,42.1,ISCED 2,"OECD, TALIS 2024 Results, Table 1.60"
BRA,Brasil,América,practice,resumir,Resumir o aprender un tema,62.6,ISCED 2,"OECD, TALIS 2024 Results, Table 1.60"
BRA,Brasil,América,practice,planes,Generar planes o actividades,77.4,ISCED 2,"OECD, TALIS 2024 Results, Table 1.60"
BRA,Brasil,América,practice,adaptar,Adaptar materiales por necesidad,64.2,ISCED 2,"OECD, TALIS 2024 Results, Table 1.60"
BRA,Brasil,América,practice,necesidades,Apoyar necesidades específicas,53.7,ISCED 2,"OECD, TALIS 2024 Results, Table 1.60"
BRA,Brasil,América,practice,evaluar,Evaluar o calificar trabajos,35.6,ISCED 2,"OECD, TALIS 2024 Results, Table 1.60"
BRA,Brasil,América,practice,feedback,Redactar feedback o comunicaciones,39.4,ISCED 2,"OECD, TALIS 2024 Results, Table 1.60"
CHL,Chile,América,practice,resumir,Resumir o aprender un tema,81.2,ISCED 2,"OECD, TALIS 2024 Results, Table 1.60"
CHL,Chile,América,practice,planes,Generar planes o actividades,68.0,ISCED 2,"OECD, TALIS 2024 Results, Table 1.60"
CHL,Chile,América,practice,adaptar,Adaptar materiales por necesidad,41.6,ISCED 2,"OECD, TALIS 2024 Results, Table 1.60"
CHL,Chile,América,practice,necesidades,Apoyar necesidades específicas,40.6,ISCED 2,"OECD, TALIS 2024 Results, Table 1.60"
CHL,Chile,América,practice,evaluar,Evaluar o calificar trabajos,17.7,ISCED 2,"OECD, TALIS 2024 Results, Table 1.60"
CHL,Chile,América,practice,feedback,Redactar feedback o comunicaciones,45.7,ISCED 2,"OECD, TALIS 2024 Results, Table 1.60"
COL,Colombia,América,practice,resumir,Resumir o aprender un tema,79.3,ISCED 2,"OECD, TALIS 2024 Results, Table 1.60"
COL,Colombia,América,practice,planes,Generar planes o actividades,80.2,ISCED 2,"OECD, TALIS 2024 Results, Table 1.60"
COL,Colombia,América,practice,adaptar,Adaptar materiales por necesidad,58.6,ISCED 2,"OECD, TALIS 2024 Results, Table 1.60"
COL,Colombia,América,practice,necesidades,Apoyar necesidades específicas,59.9,ISCED 2,"OECD, TALIS 2024 Results, Table 1.60"
COL,Colombia,América,practice,evaluar,Evaluar o calificar trabajos,39.2,ISCED 2,"OECD, TALIS 2024 Results, Table 1.60"
COL,Colombia,América,practice,feedback,Redactar feedback o comunicaciones,59.4,ISCED 2,"OECD, TALIS 2024 Results, Table 1.60"
EST,Estonia,Europa,practice,resumir,Resumir o aprender un tema,70.6,ISCED 2,"OECD, TALIS 2024 Results, Table 1.60"
EST,Estonia,Europa,practice,planes,Generar planes o actividades,68.0,ISCED 2,"OECD, TALIS 2024 Results, Table 1.60"
EST,Estonia,Europa,practice,adaptar,Adaptar materiales por necesidad,36.4,ISCED 2,"OECD, TALIS 2024 Results, Table 1.60"
EST,Estonia,Europa,practice,necesidades,Apoyar necesidades específicas,28.6,ISCED 2,"OECD, TALIS 2024 Results, Table 1.60"
EST,Estonia,Europa,practice,evaluar,Evaluar o calificar trabajos,19.0,ISCED 2,"OECD, TALIS 2024 Results, Table 1.60"
EST,Estonia,Europa,practice,feedback,Redactar feedback o comunicaciones,30.1,ISCED 2,"OECD, TALIS 2024 Results, Table 1.60"
FIN,Finlandia,Europa,practice,resumir,Resumir o aprender un tema,47.8,ISCED 2,"OECD, TALIS 2024 Results, Table 1.60"
FIN,Finlandia,Europa,practice,planes,Generar planes o actividades,40.0,ISCED 2,"OECD, TALIS 2024 Results, Table 1.60"
FIN,Finlandia,Europa,practice,adaptar,Adaptar materiales por necesidad,24.0,ISCED 2,"OECD, TALIS 2024 Results, Table 1.60"
FIN,Finlandia,Europa,practice,necesidades,Apoyar necesidades específicas,30.2,ISCED 2,"OECD, TALIS 2024 Results, Table 1.60"
FIN,Finlandia,Europa,practice,evaluar,Evaluar o calificar trabajos,22.7,ISCED 2,"OECD, TALIS 2024 Results, Table 1.60"
FIN,Finlandia,Europa,practice,feedback,Redactar feedback o comunicaciones,12.9,ISCED 2,"OECD, TALIS 2024 Results, Table 1.60"
FRA,Francia,Europa,practice,resumir,Resumir o aprender un tema,62.6,ISCED 2,"OECD, TALIS 2024 Results, Table 1.60"
FRA,Francia,Europa,practice,planes,Generar planes o actividades,50.4,ISCED 2,"OECD, TALIS 2024 Results, Table 1.60"
FRA,Francia,Europa,practice,adaptar,Adaptar materiales por necesidad,26.9,ISCED 2,"OECD, TALIS 2024 Results, Table 1.60"
FRA,Francia,Europa,practice,necesidades,Apoyar necesidades específicas,31.8,ISCED 2,"OECD, TALIS 2024 Results, Table 1.60"
FRA,Francia,Europa,practice,evaluar,Evaluar o calificar trabajos,23.9,ISCED 2,"OECD, TALIS 2024 Results, Table 1.60"
FRA,Francia,Europa,practice,feedback,Redactar feedback o comunicaciones,23.3,ISCED 2,"OECD, TALIS 2024 Results, Table 1.60"
JPN,Japón,Asia-Pacífico,practice,resumir,Resumir o aprender un tema,62.6,ISCED 2,"OECD, TALIS 2024 Results, Table 1.60"
JPN,Japón,Asia-Pacífico,practice,planes,Generar planes o actividades,43.9,ISCED 2,"OECD, TALIS 2024 Results, Table 1.60"
JPN,Japón,Asia-Pacífico,practice,adaptar,Adaptar materiales por necesidad,40.1,ISCED 2,"OECD, TALIS 2024 Results, Table 1.60"
JPN,Japón,Asia-Pacífico,practice,necesidades,Apoyar necesidades específicas,38.6,ISCED 2,"OECD, TALIS 2024 Results, Table 1.60"
JPN,Japón,Asia-Pacífico,practice,evaluar,Evaluar o calificar trabajos,40.6,ISCED 2,"OECD, TALIS 2024 Results, Table 1.60"
JPN,Japón,Asia-Pacífico,practice,feedback,Redactar feedback o comunicaciones,33.1,ISCED 2,"OECD, TALIS 2024 Results, Table 1.60"
KOR,Corea,Asia-Pacífico,practice,resumir,Resumir o aprender un tema,50.4,ISCED 2,"OECD, TALIS 2024 Results, Table 1.60"
KOR,Corea,Asia-Pacífico,practice,planes,Generar planes o actividades,58.3,ISCED 2,"OECD, TALIS 2024 Results, Table 1.60"
KOR,Corea,Asia-Pacífico,practice,adaptar,Adaptar materiales por necesidad,29.4,ISCED 2,"OECD, TALIS 2024 Results, Table 1.60"
KOR,Corea,Asia-Pacífico,practice,necesidades,Apoyar necesidades específicas,9.2,ISCED 2,"OECD, TALIS 2024 Results, Table 1.60"
KOR,Corea,Asia-Pacífico,practice,evaluar,Evaluar o calificar trabajos,30.7,ISCED 2,"OECD, TALIS 2024 Results, Table 1.60"
KOR,Corea,Asia-Pacífico,practice,feedback,Redactar feedback o comunicaciones,42.3,ISCED 2,"OECD, TALIS 2024 Results, Table 1.60"
PRT,Portugal,Europa,practice,resumir,Resumir o aprender un tema,66.3,ISCED 2,"OECD, TALIS 2024 Results, Table 1.60"
PRT,Portugal,Europa,practice,planes,Generar planes o actividades,58.4,ISCED 2,"OECD, TALIS 2024 Results, Table 1.60"
PRT,Portugal,Europa,practice,adaptar,Adaptar materiales por necesidad,39.4,ISCED 2,"OECD, TALIS 2024 Results, Table 1.60"
PRT,Portugal,Europa,practice,necesidades,Apoyar necesidades específicas,35.5,ISCED 2,"OECD, TALIS 2024 Results, Table 1.60"
PRT,Portugal,Europa,practice,evaluar,Evaluar o calificar trabajos,32.4,ISCED 2,"OECD, TALIS 2024 Results, Table 1.60"
PRT,Portugal,Europa,practice,feedback,Redactar feedback o comunicaciones,34.8,ISCED 2,"OECD, TALIS 2024 Results, Table 1.60"
SGP,Singapur,Asia-Pacífico,practice,resumir,Resumir o aprender un tema,76.7,ISCED 2,"OECD, TALIS 2024 Results, Table 1.60"
SGP,Singapur,Asia-Pacífico,practice,planes,Generar planes o actividades,64.8,ISCED 2,"OECD, TALIS 2024 Results, Table 1.60"
SGP,Singapur,Asia-Pacífico,practice,adaptar,Adaptar materiales por necesidad,39.6,ISCED 2,"OECD, TALIS 2024 Results, Table 1.60"
SGP,Singapur,Asia-Pacífico,practice,necesidades,Apoyar necesidades específicas,16.1,ISCED 2,"OECD, TALIS 2024 Results, Table 1.60"
SGP,Singapur,Asia-Pacífico,practice,evaluar,Evaluar o calificar trabajos,34.1,ISCED 2,"OECD, TALIS 2024 Results, Table 1.60"
SGP,Singapur,Asia-Pacífico,practice,feedback,Redactar feedback o comunicaciones,69.4,ISCED 2,"OECD, TALIS 2024 Results, Table 1.60"
ESP,España,Europa,practice,resumir,Resumir o aprender un tema,49.0,ISCED 2,"OECD, TALIS 2024 Results, Table 1.60"
ESP,España,Europa,practice,planes,Generar planes o actividades,68.8,ISCED 2,"OECD, TALIS 2024 Results, Table 1.60"
ESP,España,Europa,practice,adaptar,Adaptar materiales por necesidad,35.8,ISCED 2,"OECD, TALIS 2024 Results, Table 1.60"
ESP,España,Europa,practice,necesidades,Apoyar necesidades específicas,33.6,ISCED 2,"OECD, TALIS 2024 Results, Table 1.60"
ESP,España,Europa,practice,evaluar,Evaluar o calificar trabajos,21.9,ISCED 2,"OECD, TALIS 2024 Results, Table 1.60"
ESP,España,Europa,practice,feedback,Redactar feedback o comunicaciones,20.7,ISCED 2,"OECD, TALIS 2024 Results, Table 1.60"
ARE,Emiratos Árabes Unidos,Oriente Medio,practice,resumir,Resumir o aprender un tema,83.5,ISCED 2,"OECD, TALIS 2024 Results, Table 1.60"
ARE,Emiratos Árabes Unidos,Oriente Medio,practice,planes,Generar planes o actividades,81.9,ISCED 2,"OECD, TALIS 2024 Results, Table 1.60"
ARE,Emiratos Árabes Unidos,Oriente Medio,practice,adaptar,Adaptar materiales por necesidad,63.0,ISCED 2,"OECD, TALIS 2024 Results, Table 1.60"
ARE,Emiratos Árabes Unidos,Oriente Medio,practice,necesidades,Apoyar necesidades específicas,53.0,ISCED 2,"OECD, TALIS 2024 Results, Table 1.60"
ARE,Emiratos Árabes Unidos,Oriente Medio,practice,evaluar,Evaluar o calificar trabajos,37.9,ISCED 2,"OECD, TALIS 2024 Results, Table 1.60"
ARE,Emiratos Árabes Unidos,Oriente Medio,practice,feedback,Redactar feedback o comunicaciones,55.2,ISCED 2,"OECD, TALIS 2024 Results, Table 1.60"
USA,Estados Unidos,América,practice,resumir,Resumir o aprender un tema,73.0,ISCED 2,"OECD, TALIS 2024 Results, Table 1.60"
USA,Estados Unidos,América,practice,planes,Generar planes o actividades,70.4,ISCED 2,"OECD, TALIS 2024 Results, Table 1.60"
USA,Estados Unidos,América,practice,adaptar,Adaptar materiales por necesidad,34.8,ISCED 2,"OECD, TALIS 2024 Results, Table 1.60"
USA,Estados Unidos,América,practice,necesidades,Apoyar necesidades específicas,34.3,ISCED 2,"OECD, TALIS 2024 Results, Table 1.60"
USA,Estados Unidos,América,practice,evaluar,Evaluar o calificar trabajos,23.2,ISCED 2,"OECD, TALIS 2024 Results, Table 1.60"
USA,Estados Unidos,América,practice,feedback,Redactar feedback o comunicaciones,37.7,ISCED 2,"OECD, TALIS 2024 Results, Table 1.60"
AUS,Australia,Asia-Pacífico,benefit,planes,Mejora la planificación de clases,64.0,ISCED 2,"OECD, TALIS 2024 Results, Table 1.61"
AUS,Australia,Asia-Pacífico,benefit,adaptacion,Adapta materiales a capacidades distintas,65.0,ISCED 2,"OECD, TALIS 2024 Results, Table 1.61"
AUS,Australia,Asia-Pacífico,benefit,individual,Apoya al alumnado individualmente,51.1,ISCED 2,"OECD, TALIS 2024 Results, Table 1.61"
AUS,Australia,Asia-Pacífico,benefit,necesidades,Ayuda con necesidades específicas,55.3,ISCED 2,"OECD, TALIS 2024 Results, Table 1.61"
AUS,Australia,Asia-Pacífico,benefit,administracion,Automatiza tareas administrativas,48.2,ISCED 2,"OECD, TALIS 2024 Results, Table 1.61"
BRA,Brasil,América,benefit,planes,Mejora la planificación de clases,71.9,ISCED 2,"OECD, TALIS 2024 Results, Table 1.61"
BRA,Brasil,América,benefit,adaptacion,Adapta materiales a capacidades distintas,72.8,ISCED 2,"OECD, TALIS 2024 Results, Table 1.61"
BRA,Brasil,América,benefit,individual,Apoya al alumnado individualmente,54.1,ISCED 2,"OECD, TALIS 2024 Results, Table 1.61"
BRA,Brasil,América,benefit,necesidades,Ayuda con necesidades específicas,62.6,ISCED 2,"OECD, TALIS 2024 Results, Table 1.61"
BRA,Brasil,América,benefit,administracion,Automatiza tareas administrativas,64.6,ISCED 2,"OECD, TALIS 2024 Results, Table 1.61"
CHL,Chile,América,benefit,planes,Mejora la planificación de clases,74.6,ISCED 2,"OECD, TALIS 2024 Results, Table 1.61"
CHL,Chile,América,benefit,adaptacion,Adapta materiales a capacidades distintas,71.1,ISCED 2,"OECD, TALIS 2024 Results, Table 1.61"
CHL,Chile,América,benefit,individual,Apoya al alumnado individualmente,55.1,ISCED 2,"OECD, TALIS 2024 Results, Table 1.61"
CHL,Chile,América,benefit,necesidades,Ayuda con necesidades específicas,61.7,ISCED 2,"OECD, TALIS 2024 Results, Table 1.61"
CHL,Chile,América,benefit,administracion,Automatiza tareas administrativas,63.9,ISCED 2,"OECD, TALIS 2024 Results, Table 1.61"
COL,Colombia,América,benefit,planes,Mejora la planificación de clases,73.7,ISCED 2,"OECD, TALIS 2024 Results, Table 1.61"
COL,Colombia,América,benefit,adaptacion,Adapta materiales a capacidades distintas,74.9,ISCED 2,"OECD, TALIS 2024 Results, Table 1.61"
COL,Colombia,América,benefit,individual,Apoya al alumnado individualmente,60.7,ISCED 2,"OECD, TALIS 2024 Results, Table 1.61"
COL,Colombia,América,benefit,necesidades,Ayuda con necesidades específicas,64.4,ISCED 2,"OECD, TALIS 2024 Results, Table 1.61"
COL,Colombia,América,benefit,administracion,Automatiza tareas administrativas,64.4,ISCED 2,"OECD, TALIS 2024 Results, Table 1.61"
EST,Estonia,Europa,benefit,planes,Mejora la planificación de clases,61.8,ISCED 2,"OECD, TALIS 2024 Results, Table 1.61"
EST,Estonia,Europa,benefit,adaptacion,Adapta materiales a capacidades distintas,57.5,ISCED 2,"OECD, TALIS 2024 Results, Table 1.61"
EST,Estonia,Europa,benefit,individual,Apoya al alumnado individualmente,41.8,ISCED 2,"OECD, TALIS 2024 Results, Table 1.61"
EST,Estonia,Europa,benefit,necesidades,Ayuda con necesidades específicas,42.2,ISCED 2,"OECD, TALIS 2024 Results, Table 1.61"
EST,Estonia,Europa,benefit,administracion,Automatiza tareas administrativas,45.0,ISCED 2,"OECD, TALIS 2024 Results, Table 1.61"
FIN,Finlandia,Europa,benefit,planes,Mejora la planificación de clases,30.6,ISCED 2,"OECD, TALIS 2024 Results, Table 1.61"
FIN,Finlandia,Europa,benefit,adaptacion,Adapta materiales a capacidades distintas,38.4,ISCED 2,"OECD, TALIS 2024 Results, Table 1.61"
FIN,Finlandia,Europa,benefit,individual,Apoya al alumnado individualmente,25.3,ISCED 2,"OECD, TALIS 2024 Results, Table 1.61"
FIN,Finlandia,Europa,benefit,necesidades,Ayuda con necesidades específicas,46.6,ISCED 2,"OECD, TALIS 2024 Results, Table 1.61"
FIN,Finlandia,Europa,benefit,administracion,Automatiza tareas administrativas,27.6,ISCED 2,"OECD, TALIS 2024 Results, Table 1.61"
FRA,Francia,Europa,benefit,planes,Mejora la planificación de clases,18.0,ISCED 2,"OECD, TALIS 2024 Results, Table 1.61"
FRA,Francia,Europa,benefit,adaptacion,Adapta materiales a capacidades distintas,22.8,ISCED 2,"OECD, TALIS 2024 Results, Table 1.61"
FRA,Francia,Europa,benefit,individual,Apoya al alumnado individualmente,12.4,ISCED 2,"OECD, TALIS 2024 Results, Table 1.61"
FRA,Francia,Europa,benefit,necesidades,Ayuda con necesidades específicas,29.0,ISCED 2,"OECD, TALIS 2024 Results, Table 1.61"
FRA,Francia,Europa,benefit,administracion,Automatiza tareas administrativas,21.7,ISCED 2,"OECD, TALIS 2024 Results, Table 1.61"
JPN,Japón,Asia-Pacífico,benefit,planes,Mejora la planificación de clases,59.1,ISCED 2,"OECD, TALIS 2024 Results, Table 1.61"
JPN,Japón,Asia-Pacífico,benefit,adaptacion,Adapta materiales a capacidades distintas,55.7,ISCED 2,"OECD, TALIS 2024 Results, Table 1.61"
JPN,Japón,Asia-Pacífico,benefit,individual,Apoya al alumnado individualmente,66.5,ISCED 2,"OECD, TALIS 2024 Results, Table 1.61"
JPN,Japón,Asia-Pacífico,benefit,necesidades,Ayuda con necesidades específicas,69.4,ISCED 2,"OECD, TALIS 2024 Results, Table 1.61"
JPN,Japón,Asia-Pacífico,benefit,administracion,Automatiza tareas administrativas,73.1,ISCED 2,"OECD, TALIS 2024 Results, Table 1.61"
KOR,Corea,Asia-Pacífico,benefit,planes,Mejora la planificación de clases,78.4,ISCED 2,"OECD, TALIS 2024 Results, Table 1.61"
KOR,Corea,Asia-Pacífico,benefit,adaptacion,Adapta materiales a capacidades distintas,79.7,ISCED 2,"OECD, TALIS 2024 Results, Table 1.61"
KOR,Corea,Asia-Pacífico,benefit,individual,Apoya al alumnado individualmente,74.8,ISCED 2,"OECD, TALIS 2024 Results, Table 1.61"
KOR,Corea,Asia-Pacífico,benefit,necesidades,Ayuda con necesidades específicas,82.0,ISCED 2,"OECD, TALIS 2024 Results, Table 1.61"
KOR,Corea,Asia-Pacífico,benefit,administracion,Automatiza tareas administrativas,65.3,ISCED 2,"OECD, TALIS 2024 Results, Table 1.61"
PRT,Portugal,Europa,benefit,planes,Mejora la planificación de clases,46.3,ISCED 2,"OECD, TALIS 2024 Results, Table 1.61"
PRT,Portugal,Europa,benefit,adaptacion,Adapta materiales a capacidades distintas,45.4,ISCED 2,"OECD, TALIS 2024 Results, Table 1.61"
PRT,Portugal,Europa,benefit,individual,Apoya al alumnado individualmente,31.7,ISCED 2,"OECD, TALIS 2024 Results, Table 1.61"
PRT,Portugal,Europa,benefit,necesidades,Ayuda con necesidades específicas,55.6,ISCED 2,"OECD, TALIS 2024 Results, Table 1.61"
PRT,Portugal,Europa,benefit,administracion,Automatiza tareas administrativas,41.0,ISCED 2,"OECD, TALIS 2024 Results, Table 1.61"
SGP,Singapur,Asia-Pacífico,benefit,planes,Mejora la planificación de clases,82.0,ISCED 2,"OECD, TALIS 2024 Results, Table 1.61"
SGP,Singapur,Asia-Pacífico,benefit,adaptacion,Adapta materiales a capacidades distintas,81.2,ISCED 2,"OECD, TALIS 2024 Results, Table 1.61"
SGP,Singapur,Asia-Pacífico,benefit,individual,Apoya al alumnado individualmente,71.9,ISCED 2,"OECD, TALIS 2024 Results, Table 1.61"
SGP,Singapur,Asia-Pacífico,benefit,necesidades,Ayuda con necesidades específicas,65.1,ISCED 2,"OECD, TALIS 2024 Results, Table 1.61"
SGP,Singapur,Asia-Pacífico,benefit,administracion,Automatiza tareas administrativas,74.0,ISCED 2,"OECD, TALIS 2024 Results, Table 1.61"
ESP,España,Europa,benefit,planes,Mejora la planificación de clases,43.1,ISCED 2,"OECD, TALIS 2024 Results, Table 1.61"
ESP,España,Europa,benefit,adaptacion,Adapta materiales a capacidades distintas,43.1,ISCED 2,"OECD, TALIS 2024 Results, Table 1.61"
ESP,España,Europa,benefit,individual,Apoya al alumnado individualmente,33.3,ISCED 2,"OECD, TALIS 2024 Results, Table 1.61"
ESP,España,Europa,benefit,necesidades,Ayuda con necesidades específicas,39.9,ISCED 2,"OECD, TALIS 2024 Results, Table 1.61"
ESP,España,Europa,benefit,administracion,Automatiza tareas administrativas,37.1,ISCED 2,"OECD, TALIS 2024 Results, Table 1.61"
ARE,Emiratos Árabes Unidos,Oriente Medio,benefit,planes,Mejora la planificación de clases,86.7,ISCED 2,"OECD, TALIS 2024 Results, Table 1.61"
ARE,Emiratos Árabes Unidos,Oriente Medio,benefit,adaptacion,Adapta materiales a capacidades distintas,85.7,ISCED 2,"OECD, TALIS 2024 Results, Table 1.61"
ARE,Emiratos Árabes Unidos,Oriente Medio,benefit,individual,Apoya al alumnado individualmente,78.5,ISCED 2,"OECD, TALIS 2024 Results, Table 1.61"
ARE,Emiratos Árabes Unidos,Oriente Medio,benefit,necesidades,Ayuda con necesidades específicas,82.1,ISCED 2,"OECD, TALIS 2024 Results, Table 1.61"
ARE,Emiratos Árabes Unidos,Oriente Medio,benefit,administracion,Automatiza tareas administrativas,77.4,ISCED 2,"OECD, TALIS 2024 Results, Table 1.61"
USA,Estados Unidos,América,benefit,planes,Mejora la planificación de clases,53.4,ISCED 2,"OECD, TALIS 2024 Results, Table 1.61"
USA,Estados Unidos,América,benefit,adaptacion,Adapta materiales a capacidades distintas,54.8,ISCED 2,"OECD, TALIS 2024 Results, Table 1.61"
USA,Estados Unidos,América,benefit,individual,Apoya al alumnado individualmente,44.6,ISCED 2,"OECD, TALIS 2024 Results, Table 1.61"
USA,Estados Unidos,América,benefit,necesidades,Ayuda con necesidades específicas,50.8,ISCED 2,"OECD, TALIS 2024 Results, Table 1.61"
USA,Estados Unidos,América,benefit,administracion,Automatiza tareas administrativas,47.0,ISCED 2,"OECD, TALIS 2024 Results, Table 1.61"
AUS,Australia,Asia-Pacífico,challenge,autoría,Facilita presentar trabajo ajeno como propio,86.6,ISCED 2,"OECD, TALIS 2024 Results, Table 1.62"
AUS,Australia,Asia-Pacífico,challenge,errores,Puede recomendar contenido incorrecto,81.9,ISCED 2,"OECD, TALIS 2024 Results, Table 1.62"
AUS,Australia,Asia-Pacífico,challenge,sesgos,Amplifica sesgos o malentendidos,52.8,ISCED 2,"OECD, TALIS 2024 Results, Table 1.62"
AUS,Australia,Asia-Pacífico,challenge,privacidad,Compromete privacidad y seguridad,43.4,ISCED 2,"OECD, TALIS 2024 Results, Table 1.62"
AUS,Australia,Asia-Pacífico,challenge,pedagogía,Sugiere enfoques pedagógicos inadecuados,32.1,ISCED 2,"OECD, TALIS 2024 Results, Table 1.62"
BRA,Brasil,América,challenge,autoría,Facilita presentar trabajo ajeno como propio,68.0,ISCED 2,"OECD, TALIS 2024 Results, Table 1.62"
BRA,Brasil,América,challenge,errores,Puede recomendar contenido incorrecto,67.9,ISCED 2,"OECD, TALIS 2024 Results, Table 1.62"
BRA,Brasil,América,challenge,sesgos,Amplifica sesgos o malentendidos,43.2,ISCED 2,"OECD, TALIS 2024 Results, Table 1.62"
BRA,Brasil,América,challenge,privacidad,Compromete privacidad y seguridad,46.3,ISCED 2,"OECD, TALIS 2024 Results, Table 1.62"
BRA,Brasil,América,challenge,pedagogía,Sugiere enfoques pedagógicos inadecuados,31.6,ISCED 2,"OECD, TALIS 2024 Results, Table 1.62"
CHL,Chile,América,challenge,autoría,Facilita presentar trabajo ajeno como propio,70.2,ISCED 2,"OECD, TALIS 2024 Results, Table 1.62"
CHL,Chile,América,challenge,errores,Puede recomendar contenido incorrecto,66.7,ISCED 2,"OECD, TALIS 2024 Results, Table 1.62"
CHL,Chile,América,challenge,sesgos,Amplifica sesgos o malentendidos,43.6,ISCED 2,"OECD, TALIS 2024 Results, Table 1.62"
CHL,Chile,América,challenge,privacidad,Compromete privacidad y seguridad,45.9,ISCED 2,"OECD, TALIS 2024 Results, Table 1.62"
CHL,Chile,América,challenge,pedagogía,Sugiere enfoques pedagógicos inadecuados,28.3,ISCED 2,"OECD, TALIS 2024 Results, Table 1.62"
COL,Colombia,América,challenge,autoría,Facilita presentar trabajo ajeno como propio,69.3,ISCED 2,"OECD, TALIS 2024 Results, Table 1.62"
COL,Colombia,América,challenge,errores,Puede recomendar contenido incorrecto,66.2,ISCED 2,"OECD, TALIS 2024 Results, Table 1.62"
COL,Colombia,América,challenge,sesgos,Amplifica sesgos o malentendidos,50.4,ISCED 2,"OECD, TALIS 2024 Results, Table 1.62"
COL,Colombia,América,challenge,privacidad,Compromete privacidad y seguridad,50.7,ISCED 2,"OECD, TALIS 2024 Results, Table 1.62"
COL,Colombia,América,challenge,pedagogía,Sugiere enfoques pedagógicos inadecuados,31.3,ISCED 2,"OECD, TALIS 2024 Results, Table 1.62"
EST,Estonia,Europa,challenge,autoría,Facilita presentar trabajo ajeno como propio,78.6,ISCED 2,"OECD, TALIS 2024 Results, Table 1.62"
EST,Estonia,Europa,challenge,errores,Puede recomendar contenido incorrecto,79.1,ISCED 2,"OECD, TALIS 2024 Results, Table 1.62"
EST,Estonia,Europa,challenge,sesgos,Amplifica sesgos o malentendidos,56.8,ISCED 2,"OECD, TALIS 2024 Results, Table 1.62"
EST,Estonia,Europa,challenge,privacidad,Compromete privacidad y seguridad,43.4,ISCED 2,"OECD, TALIS 2024 Results, Table 1.62"
EST,Estonia,Europa,challenge,pedagogía,Sugiere enfoques pedagógicos inadecuados,22.5,ISCED 2,"OECD, TALIS 2024 Results, Table 1.62"
FIN,Finlandia,Europa,challenge,autoría,Facilita presentar trabajo ajeno como propio,71.3,ISCED 2,"OECD, TALIS 2024 Results, Table 1.62"
FIN,Finlandia,Europa,challenge,errores,Puede recomendar contenido incorrecto,70.9,ISCED 2,"OECD, TALIS 2024 Results, Table 1.62"
FIN,Finlandia,Europa,challenge,sesgos,Amplifica sesgos o malentendidos,32.1,ISCED 2,"OECD, TALIS 2024 Results, Table 1.62"
FIN,Finlandia,Europa,challenge,privacidad,Compromete privacidad y seguridad,27.4,ISCED 2,"OECD, TALIS 2024 Results, Table 1.62"
FIN,Finlandia,Europa,challenge,pedagogía,Sugiere enfoques pedagógicos inadecuados,14.4,ISCED 2,"OECD, TALIS 2024 Results, Table 1.62"
FRA,Francia,Europa,challenge,autoría,Facilita presentar trabajo ajeno como propio,66.7,ISCED 2,"OECD, TALIS 2024 Results, Table 1.62"
FRA,Francia,Europa,challenge,errores,Puede recomendar contenido incorrecto,61.6,ISCED 2,"OECD, TALIS 2024 Results, Table 1.62"
FRA,Francia,Europa,challenge,sesgos,Amplifica sesgos o malentendidos,39.5,ISCED 2,"OECD, TALIS 2024 Results, Table 1.62"
FRA,Francia,Europa,challenge,privacidad,Compromete privacidad y seguridad,41.4,ISCED 2,"OECD, TALIS 2024 Results, Table 1.62"
FRA,Francia,Europa,challenge,pedagogía,Sugiere enfoques pedagógicos inadecuados,26.4,ISCED 2,"OECD, TALIS 2024 Results, Table 1.62"
JPN,Japón,Asia-Pacífico,challenge,autoría,Facilita presentar trabajo ajeno como propio,72.1,ISCED 2,"OECD, TALIS 2024 Results, Table 1.62"
JPN,Japón,Asia-Pacífico,challenge,errores,Puede recomendar contenido incorrecto,66.5,ISCED 2,"OECD, TALIS 2024 Results, Table 1.62"
JPN,Japón,Asia-Pacífico,challenge,sesgos,Amplifica sesgos o malentendidos,51.0,ISCED 2,"OECD, TALIS 2024 Results, Table 1.62"
JPN,Japón,Asia-Pacífico,challenge,privacidad,Compromete privacidad y seguridad,54.5,ISCED 2,"OECD, TALIS 2024 Results, Table 1.62"
JPN,Japón,Asia-Pacífico,challenge,pedagogía,Sugiere enfoques pedagógicos inadecuados,41.6,ISCED 2,"OECD, TALIS 2024 Results, Table 1.62"
KOR,Corea,Asia-Pacífico,challenge,autoría,Facilita presentar trabajo ajeno como propio,83.4,ISCED 2,"OECD, TALIS 2024 Results, Table 1.62"
KOR,Corea,Asia-Pacífico,challenge,errores,Puede recomendar contenido incorrecto,71.6,ISCED 2,"OECD, TALIS 2024 Results, Table 1.62"
KOR,Corea,Asia-Pacífico,challenge,sesgos,Amplifica sesgos o malentendidos,60.0,ISCED 2,"OECD, TALIS 2024 Results, Table 1.62"
KOR,Corea,Asia-Pacífico,challenge,privacidad,Compromete privacidad y seguridad,74.7,ISCED 2,"OECD, TALIS 2024 Results, Table 1.62"
KOR,Corea,Asia-Pacífico,challenge,pedagogía,Sugiere enfoques pedagógicos inadecuados,43.7,ISCED 2,"OECD, TALIS 2024 Results, Table 1.62"
PRT,Portugal,Europa,challenge,autoría,Facilita presentar trabajo ajeno como propio,73.4,ISCED 2,"OECD, TALIS 2024 Results, Table 1.62"
PRT,Portugal,Europa,challenge,errores,Puede recomendar contenido incorrecto,70.4,ISCED 2,"OECD, TALIS 2024 Results, Table 1.62"
PRT,Portugal,Europa,challenge,sesgos,Amplifica sesgos o malentendidos,45.5,ISCED 2,"OECD, TALIS 2024 Results, Table 1.62"
PRT,Portugal,Europa,challenge,privacidad,Compromete privacidad y seguridad,43.9,ISCED 2,"OECD, TALIS 2024 Results, Table 1.62"
PRT,Portugal,Europa,challenge,pedagogía,Sugiere enfoques pedagógicos inadecuados,24.3,ISCED 2,"OECD, TALIS 2024 Results, Table 1.62"
SGP,Singapur,Asia-Pacífico,challenge,autoría,Facilita presentar trabajo ajeno como propio,86.7,ISCED 2,"OECD, TALIS 2024 Results, Table 1.62"
SGP,Singapur,Asia-Pacífico,challenge,errores,Puede recomendar contenido incorrecto,88.5,ISCED 2,"OECD, TALIS 2024 Results, Table 1.62"
SGP,Singapur,Asia-Pacífico,challenge,sesgos,Amplifica sesgos o malentendidos,56.3,ISCED 2,"OECD, TALIS 2024 Results, Table 1.62"
SGP,Singapur,Asia-Pacífico,challenge,privacidad,Compromete privacidad y seguridad,52.6,ISCED 2,"OECD, TALIS 2024 Results, Table 1.62"
SGP,Singapur,Asia-Pacífico,challenge,pedagogía,Sugiere enfoques pedagógicos inadecuados,39.3,ISCED 2,"OECD, TALIS 2024 Results, Table 1.62"
ESP,España,Europa,challenge,autoría,Facilita presentar trabajo ajeno como propio,76.2,ISCED 2,"OECD, TALIS 2024 Results, Table 1.62"
ESP,España,Europa,challenge,errores,Puede recomendar contenido incorrecto,68.4,ISCED 2,"OECD, TALIS 2024 Results, Table 1.62"
ESP,España,Europa,challenge,sesgos,Amplifica sesgos o malentendidos,52.3,ISCED 2,"OECD, TALIS 2024 Results, Table 1.62"
ESP,España,Europa,challenge,privacidad,Compromete privacidad y seguridad,47.9,ISCED 2,"OECD, TALIS 2024 Results, Table 1.62"
ESP,España,Europa,challenge,pedagogía,Sugiere enfoques pedagógicos inadecuados,30.7,ISCED 2,"OECD, TALIS 2024 Results, Table 1.62"
ARE,Emiratos Árabes Unidos,Oriente Medio,challenge,autoría,Facilita presentar trabajo ajeno como propio,76.2,ISCED 2,"OECD, TALIS 2024 Results, Table 1.62"
ARE,Emiratos Árabes Unidos,Oriente Medio,challenge,errores,Puede recomendar contenido incorrecto,72.4,ISCED 2,"OECD, TALIS 2024 Results, Table 1.62"
ARE,Emiratos Árabes Unidos,Oriente Medio,challenge,sesgos,Amplifica sesgos o malentendidos,53.2,ISCED 2,"OECD, TALIS 2024 Results, Table 1.62"
ARE,Emiratos Árabes Unidos,Oriente Medio,challenge,privacidad,Compromete privacidad y seguridad,48.6,ISCED 2,"OECD, TALIS 2024 Results, Table 1.62"
ARE,Emiratos Árabes Unidos,Oriente Medio,challenge,pedagogía,Sugiere enfoques pedagógicos inadecuados,36.9,ISCED 2,"OECD, TALIS 2024 Results, Table 1.62"
USA,Estados Unidos,América,challenge,autoría,Facilita presentar trabajo ajeno como propio,71.5,ISCED 2,"OECD, TALIS 2024 Results, Table 1.62"
USA,Estados Unidos,América,challenge,errores,Puede recomendar contenido incorrecto,62.8,ISCED 2,"OECD, TALIS 2024 Results, Table 1.62"
USA,Estados Unidos,América,challenge,sesgos,Amplifica sesgos o malentendidos,40.4,ISCED 2,"OECD, TALIS 2024 Results, Table 1.62"
USA,Estados Unidos,América,challenge,privacidad,Compromete privacidad y seguridad,34.4,ISCED 2,"OECD, TALIS 2024 Results, Table 1.62"
USA,Estados Unidos,América,challenge,pedagogía,Sugiere enfoques pedagógicos inadecuados,27.9,ISCED 2,"OECD, TALIS 2024 Results, Table 1.62"
AUS,Australia,Asia-Pacífico,barrier,infraestructura,Falta infraestructura en el centro,25.3,ISCED 2,"OECD, TALIS 2024 Results, Table 1.63"
AUS,Australia,Asia-Pacífico,barrier,competencias,Faltan conocimientos y habilidades,75.0,ISCED 2,"OECD, TALIS 2024 Results, Table 1.63"
AUS,Australia,Asia-Pacífico,barrier,rechazo,No cree que deba usarse IA,42.2,ISCED 2,"OECD, TALIS 2024 Results, Table 1.63"
AUS,Australia,Asia-Pacífico,barrier,normas,El centro no permite usar IA,12.1,ISCED 2,"OECD, TALIS 2024 Results, Table 1.63"
AUS,Australia,Asia-Pacífico,barrier,sobrecarga,Siente sobrecarga ante nuevas tecnologías,34.8,ISCED 2,"OECD, TALIS 2024 Results, Table 1.63"
BRA,Brasil,América,barrier,infraestructura,Falta infraestructura en el centro,60.4,ISCED 2,"OECD, TALIS 2024 Results, Table 1.63"
BRA,Brasil,América,barrier,competencias,Faltan conocimientos y habilidades,64.3,ISCED 2,"OECD, TALIS 2024 Results, Table 1.63"
BRA,Brasil,América,barrier,rechazo,No cree que deba usarse IA,38.6,ISCED 2,"OECD, TALIS 2024 Results, Table 1.63"
BRA,Brasil,América,barrier,normas,El centro no permite usar IA,17.7,ISCED 2,"OECD, TALIS 2024 Results, Table 1.63"
BRA,Brasil,América,barrier,sobrecarga,Siente sobrecarga ante nuevas tecnologías,12.6,ISCED 2,"OECD, TALIS 2024 Results, Table 1.63"
CHL,Chile,América,barrier,infraestructura,Falta infraestructura en el centro,47.0,ISCED 2,"OECD, TALIS 2024 Results, Table 1.63"
CHL,Chile,América,barrier,competencias,Faltan conocimientos y habilidades,65.6,ISCED 2,"OECD, TALIS 2024 Results, Table 1.63"
CHL,Chile,América,barrier,rechazo,No cree que deba usarse IA,35.6,ISCED 2,"OECD, TALIS 2024 Results, Table 1.63"
CHL,Chile,América,barrier,normas,El centro no permite usar IA,13.7,ISCED 2,"OECD, TALIS 2024 Results, Table 1.63"
CHL,Chile,América,barrier,sobrecarga,Siente sobrecarga ante nuevas tecnologías,19.0,ISCED 2,"OECD, TALIS 2024 Results, Table 1.63"
COL,Colombia,América,barrier,infraestructura,Falta infraestructura en el centro,75.6,ISCED 2,"OECD, TALIS 2024 Results, Table 1.63"
COL,Colombia,América,barrier,competencias,Faltan conocimientos y habilidades,64.5,ISCED 2,"OECD, TALIS 2024 Results, Table 1.63"
COL,Colombia,América,barrier,rechazo,No cree que deba usarse IA,33.5,ISCED 2,"OECD, TALIS 2024 Results, Table 1.63"
COL,Colombia,América,barrier,normas,El centro no permite usar IA,21.2,ISCED 2,"OECD, TALIS 2024 Results, Table 1.63"
COL,Colombia,América,barrier,sobrecarga,Siente sobrecarga ante nuevas tecnologías,28.7,ISCED 2,"OECD, TALIS 2024 Results, Table 1.63"
EST,Estonia,Europa,barrier,infraestructura,Falta infraestructura en el centro,24.7,ISCED 2,"OECD, TALIS 2024 Results, Table 1.63"
EST,Estonia,Europa,barrier,competencias,Faltan conocimientos y habilidades,77.7,ISCED 2,"OECD, TALIS 2024 Results, Table 1.63"
EST,Estonia,Europa,barrier,rechazo,No cree que deba usarse IA,60.3,ISCED 2,"OECD, TALIS 2024 Results, Table 1.63"
EST,Estonia,Europa,barrier,normas,El centro no permite usar IA,7.0,ISCED 2,"OECD, TALIS 2024 Results, Table 1.63"
EST,Estonia,Europa,barrier,sobrecarga,Siente sobrecarga ante nuevas tecnologías,29.8,ISCED 2,"OECD, TALIS 2024 Results, Table 1.63"
FIN,Finlandia,Europa,barrier,infraestructura,Falta infraestructura en el centro,24.2,ISCED 2,"OECD, TALIS 2024 Results, Table 1.63"
FIN,Finlandia,Europa,barrier,competencias,Faltan conocimientos y habilidades,81.1,ISCED 2,"OECD, TALIS 2024 Results, Table 1.63"
FIN,Finlandia,Europa,barrier,rechazo,No cree que deba usarse IA,33.6,ISCED 2,"OECD, TALIS 2024 Results, Table 1.63"
FIN,Finlandia,Europa,barrier,normas,El centro no permite usar IA,4.8,ISCED 2,"OECD, TALIS 2024 Results, Table 1.63"
FIN,Finlandia,Europa,barrier,sobrecarga,Siente sobrecarga ante nuevas tecnologías,33.6,ISCED 2,"OECD, TALIS 2024 Results, Table 1.63"
FRA,Francia,Europa,barrier,infraestructura,Falta infraestructura en el centro,50.3,ISCED 2,"OECD, TALIS 2024 Results, Table 1.63"
FRA,Francia,Europa,barrier,competencias,Faltan conocimientos y habilidades,79.1,ISCED 2,"OECD, TALIS 2024 Results, Table 1.63"
FRA,Francia,Europa,barrier,rechazo,No cree que deba usarse IA,65.7,ISCED 2,"OECD, TALIS 2024 Results, Table 1.63"
FRA,Francia,Europa,barrier,normas,El centro no permite usar IA,14.1,ISCED 2,"OECD, TALIS 2024 Results, Table 1.63"
FRA,Francia,Europa,barrier,sobrecarga,Siente sobrecarga ante nuevas tecnologías,29.6,ISCED 2,"OECD, TALIS 2024 Results, Table 1.63"
JPN,Japón,Asia-Pacífico,barrier,infraestructura,Falta infraestructura en el centro,65.4,ISCED 2,"OECD, TALIS 2024 Results, Table 1.63"
JPN,Japón,Asia-Pacífico,barrier,competencias,Faltan conocimientos y habilidades,88.0,ISCED 2,"OECD, TALIS 2024 Results, Table 1.63"
JPN,Japón,Asia-Pacífico,barrier,rechazo,No cree que deba usarse IA,26.1,ISCED 2,"OECD, TALIS 2024 Results, Table 1.63"
JPN,Japón,Asia-Pacífico,barrier,normas,El centro no permite usar IA,18.4,ISCED 2,"OECD, TALIS 2024 Results, Table 1.63"
JPN,Japón,Asia-Pacífico,barrier,sobrecarga,Siente sobrecarga ante nuevas tecnologías,54.8,ISCED 2,"OECD, TALIS 2024 Results, Table 1.63"
KOR,Corea,Asia-Pacífico,barrier,infraestructura,Falta infraestructura en el centro,52.1,ISCED 2,"OECD, TALIS 2024 Results, Table 1.63"
KOR,Corea,Asia-Pacífico,barrier,competencias,Faltan conocimientos y habilidades,76.3,ISCED 2,"OECD, TALIS 2024 Results, Table 1.63"
KOR,Corea,Asia-Pacífico,barrier,rechazo,No cree que deba usarse IA,53.5,ISCED 2,"OECD, TALIS 2024 Results, Table 1.63"
KOR,Corea,Asia-Pacífico,barrier,normas,El centro no permite usar IA,6.7,ISCED 2,"OECD, TALIS 2024 Results, Table 1.63"
KOR,Corea,Asia-Pacífico,barrier,sobrecarga,Siente sobrecarga ante nuevas tecnologías,49.3,ISCED 2,"OECD, TALIS 2024 Results, Table 1.63"
PRT,Portugal,Europa,barrier,infraestructura,Falta infraestructura en el centro,43.3,ISCED 2,"OECD, TALIS 2024 Results, Table 1.63"
PRT,Portugal,Europa,barrier,competencias,Faltan conocimientos y habilidades,75.7,ISCED 2,"OECD, TALIS 2024 Results, Table 1.63"
PRT,Portugal,Europa,barrier,rechazo,No cree que deba usarse IA,49.4,ISCED 2,"OECD, TALIS 2024 Results, Table 1.63"
PRT,Portugal,Europa,barrier,normas,El centro no permite usar IA,12.1,ISCED 2,"OECD, TALIS 2024 Results, Table 1.63"
PRT,Portugal,Europa,barrier,sobrecarga,Siente sobrecarga ante nuevas tecnologías,40.7,ISCED 2,"OECD, TALIS 2024 Results, Table 1.63"
SGP,Singapur,Asia-Pacífico,barrier,infraestructura,Falta infraestructura en el centro,24.0,ISCED 2,"OECD, TALIS 2024 Results, Table 1.63"
SGP,Singapur,Asia-Pacífico,barrier,competencias,Faltan conocimientos y habilidades,65.3,ISCED 2,"OECD, TALIS 2024 Results, Table 1.63"
SGP,Singapur,Asia-Pacífico,barrier,rechazo,No cree que deba usarse IA,25.9,ISCED 2,"OECD, TALIS 2024 Results, Table 1.63"
SGP,Singapur,Asia-Pacífico,barrier,normas,El centro no permite usar IA,1.8,ISCED 2,"OECD, TALIS 2024 Results, Table 1.63"
SGP,Singapur,Asia-Pacífico,barrier,sobrecarga,Siente sobrecarga ante nuevas tecnologías,39.4,ISCED 2,"OECD, TALIS 2024 Results, Table 1.63"
ESP,España,Europa,barrier,infraestructura,Falta infraestructura en el centro,32.7,ISCED 2,"OECD, TALIS 2024 Results, Table 1.63"
ESP,España,Europa,barrier,competencias,Faltan conocimientos y habilidades,74.6,ISCED 2,"OECD, TALIS 2024 Results, Table 1.63"
ESP,España,Europa,barrier,rechazo,No cree que deba usarse IA,54.9,ISCED 2,"OECD, TALIS 2024 Results, Table 1.63"
ESP,España,Europa,barrier,normas,El centro no permite usar IA,11.1,ISCED 2,"OECD, TALIS 2024 Results, Table 1.63"
ESP,España,Europa,barrier,sobrecarga,Siente sobrecarga ante nuevas tecnologías,30.3,ISCED 2,"OECD, TALIS 2024 Results, Table 1.63"
ARE,Emiratos Árabes Unidos,Oriente Medio,barrier,infraestructura,Falta infraestructura en el centro,15.3,ISCED 2,"OECD, TALIS 2024 Results, Table 1.63"
ARE,Emiratos Árabes Unidos,Oriente Medio,barrier,competencias,Faltan conocimientos y habilidades,44.4,ISCED 2,"OECD, TALIS 2024 Results, Table 1.63"
ARE,Emiratos Árabes Unidos,Oriente Medio,barrier,rechazo,No cree que deba usarse IA,34.3,ISCED 2,"OECD, TALIS 2024 Results, Table 1.63"
ARE,Emiratos Árabes Unidos,Oriente Medio,barrier,normas,El centro no permite usar IA,13.5,ISCED 2,"OECD, TALIS 2024 Results, Table 1.63"
ARE,Emiratos Árabes Unidos,Oriente Medio,barrier,sobrecarga,Siente sobrecarga ante nuevas tecnologías,19.9,ISCED 2,"OECD, TALIS 2024 Results, Table 1.63"
USA,Estados Unidos,América,barrier,infraestructura,Falta infraestructura en el centro,26.5,ISCED 2,"OECD, TALIS 2024 Results, Table 1.63"
USA,Estados Unidos,América,barrier,competencias,Faltan conocimientos y habilidades,69.5,ISCED 2,"OECD, TALIS 2024 Results, Table 1.63"
USA,Estados Unidos,América,barrier,rechazo,No cree que deba usarse IA,53.0,ISCED 2,"OECD, TALIS 2024 Results, Table 1.63"
USA,Estados Unidos,América,barrier,normas,El centro no permite usar IA,13.1,ISCED 2,"OECD, TALIS 2024 Results, Table 1.63"
USA,Estados Unidos,América,barrier,sobrecarga,Siente sobrecarga ante nuevas tecnologías,31.8,ISCED 2,"OECD, TALIS 2024 Results, Table 1.63"
